id,student_id,center,loginTime,login,trial_time,audio1_time,passage1_time,audio2_time,passage2_time,feedback_time
1,1051001,1051,2024-06-26 09:42:20,logged in,,,,,,
2,1551001,1551,2024-06-26 11:32:11,logged in,,,,,,
14,1151001,1151,2024-06-26 10:17:24,logged in,,,,,,
18,7351506512,7351,2024-06-26 09:45:54,logged in,,,,,,
19,2251501267,2251,2024-06-26 09:45:55,logged in,,,,,,
20,6251505449,6251,2024-06-26 09:45:57,logged in,,,,,,
21,8351507027,8351,2024-06-26 09:45:58,logged in,,,,,,
22,6151505259,6151,2024-06-26 09:48:05,logged in,,,,,,
23,7351506511,7351,2024-06-26 09:46:01,logged in,,,,,,
24,7351506508,7351,2024-06-26 09:46:02,logged in,,,,,,
25,7351506505,7351,2024-06-26 09:46:05,logged in,,,,,,
26,7351506504,7351,2024-06-26 09:46:06,logged in,,,,,,
27,7351506506,7351,2024-06-26 09:46:07,logged in,,,,,,
28,4151502526,4151,2024-06-26 09:46:11,logged in,,,,,,
29,7351506513,7351,2024-06-26 09:46:11,logged in,,,,,,
30,6151505245,6151,2024-06-26 09:46:11,logged in,,,,,,
31,7351506509,7351,2024-06-26 09:46:11,logged in,,,,,,
32,1151500014,1151,2024-06-26 09:46:14,logged in,,,,,,
33,1151500013,1151,2024-06-26 09:46:20,logged in,,,,,,
34,8351507064,8351,2024-06-26 09:46:21,logged in,,,,,,
35,8351507059,8351,2024-06-26 09:46:21,logged in,,,,,,
36,1551500509,1551,2024-06-26 09:46:25,logged in,,,,,,
37,1151500015,1151,2024-06-26 09:46:26,logged in,,,,,,
38,1151500016,1151,2024-06-26 09:46:27,logged in,,,,,,
39,6151505242,6151,2024-06-26 09:46:28,logged in,,,,,,
40,3351502260,3351,2024-06-26 09:54:36,logged in,,,,,,
41,6151505241,6151,2024-06-26 09:46:30,logged in,,,,,,
42,6151505244,6151,2024-06-26 09:46:31,logged in,,,,,,
43,1151500011,1151,2024-06-26 09:46:33,logged in,,,,,,
44,1151500005,1151,2024-06-26 09:46:33,logged in,,,,,,
45,6151505248,6151,2024-06-26 09:46:34,logged in,,,,,,
46,1552500699,1552,2024-06-26 09:46:34,logged in,,,,,,
47,1151500006,1151,2024-06-26 09:46:35,logged in,,,,,,
48,1151500012,1151,2024-06-26 09:55:49,logged in,,,,,,
49,3351502261,3351,2024-06-26 09:54:26,logged in,,,,,,
50,6151505257,6151,2024-06-26 09:46:37,logged in,,,,,,
51,6251505442,6251,2024-06-26 09:46:37,logged in,,,,,,
52,8351507023,8351,2024-06-26 09:46:38,logged in,,,,,,
53,8351507038,8351,2024-06-26 09:46:38,logged in,,,,,,
54,1552500715,1552,2024-06-26 09:46:38,logged in,,,,,,
55,3351502262,3351,2024-06-26 10:02:54,logged in,,,,,,
57,6151505256,6151,2024-06-26 09:46:42,logged in,,,,,,
58,3351502266,3351,2024-06-26 09:46:45,logged in,,,,,,
59,3351502275,3351,2024-06-26 09:46:47,logged in,,,,,,
60,6151505249,6151,2024-06-26 09:46:48,logged in,,,,,,
61,3351502268,3351,2024-06-26 09:46:53,logged in,,,,,,
62,3351502234,3351,2024-06-26 09:50:51,logged in,,,,,,
63,6151505262,6151,2024-06-26 09:46:54,logged in,,,,,,
64,6151505254,6151,2024-06-26 09:46:55,logged in,,,,,,
65,7551506605,7551,2024-06-26 09:49:27,logged in,,,,,,
66,6151505253,6151,2024-06-26 09:46:56,logged in,,,,,,
67,3351502267,3351,2024-06-26 09:46:56,logged in,,,,,,
68,3351502254,3351,2024-06-26 09:49:46,logged in,,,,,,
69,3351502272,3351,2024-06-26 09:46:58,logged in,,,,,,
70,3351502265,3351,2024-06-26 09:46:58,logged in,,,,,,
71,3351502238,3351,2024-06-26 09:49:46,logged in,,,,,,
72,3351502277,3351,2024-06-26 09:46:58,logged in,,,,,,
73,3351502255,3351,2024-06-26 09:49:53,logged in,,,,,,
74,1251500228,1251,2024-06-26 09:46:59,logged in,,,,,,
75,3351502263,3351,2024-06-26 09:50:44,logged in,,,,,,
76,3351502274,3351,2024-06-26 09:47:00,logged in,,,,,,
77,3351502256,3351,2024-06-26 09:50:01,logged in,,,,,,
78,3351502264,3351,2024-06-26 09:47:01,logged in,,,,,,
79,6151505288,6151,2024-06-26 09:47:02,logged in,,,,,,
80,3351502270,3351,2024-06-26 09:47:02,logged in,,,,,,
81,7551506597,7551,2024-06-26 09:47:02,logged in,,,,,,
82,3351502247,3351,2024-06-26 09:49:46,logged in,,,,,,
83,2251501228,2251,2024-06-26 09:47:05,logged in,,,,,,
84,1551500536,1551,2024-06-26 09:50:32,logged in,,,,,,
85,3351502258,3351,2024-06-26 09:50:20,logged in,,,,,,
86,3351502276,3351,2024-06-26 09:47:06,logged in,,,,,,
87,6151505263,6151,2024-06-26 09:47:08,logged in,,,,,,
88,7551506616,7551,2024-06-26 09:47:10,logged in,,,,,,
89,1251500227,1251,2024-06-26 09:49:52,logged in,,,,,,
90,7551506598,7551,2024-06-26 09:47:12,logged in,,,,,,
91,2251501256,2251,2024-06-26 09:47:16,logged in,,,,,,
92,6151505271,6151,2024-06-26 09:47:16,logged in,,,,,,
93,1251500230,1251,2024-06-26 09:47:17,logged in,,,,,,
94,7551506607,7551,2024-06-26 09:47:17,logged in,,,,,,
95,7551506608,7551,2024-06-26 09:47:19,logged in,,,,,,
96,1251500205,1251,2024-06-26 09:47:19,logged in,,,,,,
97,1251500202,1251,2024-06-26 10:00:05,logged in,,,,,,
98,2251501263,2251,2024-06-26 09:47:21,logged in,,,,,,
99,1251500210,1251,2024-06-26 09:47:21,logged in,,,,,,
100,1251500208,1251,2024-06-26 09:47:21,logged in,,,,,,
101,1251500220,1251,2024-06-26 09:47:21,logged in,,,,,,
102,1151500004,1151,2024-06-26 09:47:22,logged in,,,,,,
103,7551506614,7551,2024-06-26 09:50:58,logged in,,,,,,
104,7551506599,7551,2024-06-26 09:47:23,logged in,,,,,,
105,6151505278,6151,2024-06-26 09:47:23,logged in,,,,,,
106,1251500221,1251,2024-06-26 09:47:23,logged in,,,,,,
107,6151505270,6151,2024-06-26 09:47:24,logged in,,,,,,
108,1251500207,1251,2024-06-26 09:47:24,logged in,,,,,,
109,6551505825,6551,2024-06-26 09:47:24,logged in,,,,,,
110,2251501257,2251,2024-06-26 09:47:25,logged in,,,,,,
111,1251500206,1251,2024-06-26 09:47:25,logged in,,,,,,
112,2251501264,2251,2024-06-26 09:47:25,logged in,,,,,,
113,6151505274,6151,2024-06-26 09:47:27,logged in,,,,,,
114,1151500031,1151,2024-06-26 09:47:27,logged in,,,,,,
115,7551506610,7551,2024-06-26 09:47:28,logged in,,,,,,
116,1251500217,1251,2024-06-26 09:47:28,logged in,,,,,,
117,1251500214,1251,2024-06-26 09:47:28,logged in,,,,,,
118,7551506596,7551,2024-06-26 09:47:29,logged in,,,,,,
119,7551506609,7551,2024-06-26 09:47:29,logged in,,,,,,
120,6151505276,6151,2024-06-26 09:47:29,logged in,,,,,,
121,1251500223,1251,2024-06-26 09:47:30,logged in,,,,,,
122,1251500201,1251,2024-06-26 09:47:30,logged in,,,,,,
123,1251500225,1251,2024-06-26 09:47:30,logged in,,,,,,
124,1251500199,1251,2024-06-26 09:47:30,logged in,,,,,,
125,1251500204,1251,2024-06-26 09:47:30,logged in,,,,,,
126,7551506593,7551,2024-06-26 09:47:31,logged in,,,,,,
127,7551506612,7551,2024-06-26 09:47:31,logged in,,,,,,
128,7551506617,7551,2024-06-26 09:47:31,logged in,,,,,,
129,1251500198,1251,2024-06-26 09:47:32,logged in,,,,,,
130,1151500030,1151,2024-06-26 10:06:30,logged in,,,,,,
131,7551506594,7551,2024-06-26 10:12:15,logged in,,,,,,
132,7551506595,7551,2024-06-26 10:10:48,logged in,,,,,,
133,6151505275,6151,2024-06-26 09:47:32,logged in,,,,,,
134,6151505250,6151,2024-06-26 09:47:32,logged in,,,,,,
135,1151500035,1151,2024-06-26 09:47:33,logged in,,,,,,
136,1251500219,1251,2024-06-26 09:47:33,logged in,,,,,,
137,1151500018,1151,2024-06-26 09:47:33,logged in,,,,,,
138,1151500032,1151,2024-06-26 09:48:47,logged in,,,,,,
139,1251500216,1251,2024-06-26 09:47:34,logged in,,,,,,
140,7551506603,7551,2024-06-26 09:47:35,logged in,,,,,,
141,6151505265,6151,2024-06-26 09:47:35,logged in,,,,,,
142,1151500020,1151,2024-06-26 09:54:00,logged in,,,,,,
143,6151505251,6151,2024-06-26 09:47:35,logged in,,,,,,
144,7551506615,7551,2024-06-26 09:47:36,logged in,,,,,,
145,2251501266,2251,2024-06-26 09:47:36,logged in,,,,,,
146,6151505252,6151,2024-06-26 09:47:38,logged in,,,,,,
147,6151505280,6151,2024-06-26 09:47:38,logged in,,,,,,
148,6151505273,6151,2024-06-26 09:47:39,logged in,,,,,,
149,1251500213,1251,2024-06-26 09:47:40,logged in,,,,,,
150,2251501255,2251,2024-06-26 09:47:40,logged in,,,,,,
151,1251500226,1251,2024-06-26 09:47:42,logged in,,,,,,
152,1251500212,1251,2024-06-26 09:47:42,logged in,,,,,,
153,6151505289,6151,2024-06-26 09:47:42,logged in,,,,,,
154,3351502235,3351,2024-06-26 09:47:44,logged in,,,,,,
155,6151505281,6151,2024-06-26 09:47:45,logged in,,,,,,
156,6151505267,6151,2024-06-26 09:47:45,logged in,,,,,,
157,2251501254,2251,2024-06-26 09:47:45,logged in,,,,,,
159,6151505285,6151,2024-06-26 09:47:46,logged in,,,,,,
160,7551506604,7551,2024-06-26 10:00:41,logged in,,,,,,
161,6151505284,6151,2024-06-26 09:47:47,logged in,,,,,,
162,6151505266,6151,2024-06-26 09:47:47,logged in,,,,,,
163,8351507043,8351,2024-06-26 09:47:47,logged in,,,,,,
164,6151505269,6151,2024-06-26 09:47:47,logged in,,,,,,
165,1251500215,1251,2024-06-26 09:47:48,logged in,,,,,,
166,8151506776,8151,2024-06-26 09:47:48,logged in,,,,,,
167,6151505272,6151,2024-06-26 09:47:48,logged in,,,,,,
169,6151505287,6151,2024-06-26 09:47:49,logged in,,,,,,
170,6151505286,6151,2024-06-26 09:47:52,logged in,,,,,,
171,2251501270,2251,2024-06-26 09:47:52,logged in,,,,,,
172,1251500203,1251,2024-06-26 09:47:53,logged in,,,,,,
173,6151505247 ,6151,2024-06-26 09:47:54,logged in,,,,,,
174,6551505829,6551,2024-06-26 09:47:56,logged in,,,,,,
175,1551500530,1551,2024-06-26 09:47:57,logged in,,,,,,
176,1251500224,1251,2024-06-26 09:48:01,logged in,,,,,,
177,6151505282,6151,2024-06-26 09:48:02,logged in,,,,,,
178,1151500001,1151,2024-06-26 09:54:17,logged in,,,,,,
179,6551505828,6551,2024-06-26 09:48:04,logged in,,,,,,
181,6551505813,6551,2024-06-26 09:48:08,logged in,,,,,,
182,5351504580,5351,2024-06-26 09:48:09,logged in,,,,,,
183,1151500025,1151,2024-06-26 09:58:00,logged in,,,,,,
184,6551505808,6551,2024-06-26 09:48:12,logged in,,,,,,
185,6551505811,6551,2024-06-26 09:48:12,logged in,,,,,,
186,6551505807,6551,2024-06-26 09:48:16,logged in,,,,,,
187,6551505819,6551,2024-06-26 09:48:18,logged in,,,,,,
188,8351507035,8351,2024-06-26 09:48:18,logged in,,,,,,
189,6551505818,6551,2024-06-26 09:48:20,logged in,,,,,,
190,1251500222,1251,2024-06-26 09:48:20,logged in,,,,,,
191,6551505810,6551,2024-06-26 09:48:20,logged in,,,,,,
193,6551505823,6551,2024-06-26 09:48:23,logged in,,,,,,
194,1251500197,1251,2024-06-26 09:48:26,logged in,,,,,,
195,6151505268,6151,2024-06-26 09:48:27,logged in,,,,,,
196,1151500027,1151,2024-06-26 09:57:59,logged in,,,,,,
197,2251501253,2251,2024-06-26 09:48:36,logged in,,,,,,
198,2151500914,2151,2024-06-26 09:48:40,logged in,,,,,,
199,5151503860,5151,2024-06-26 09:48:41,logged in,,,,,,
201,6551505820,6551,2024-06-26 09:48:46,logged in,,,,,,
203,1151500024,1151,2024-06-26 09:48:47,logged in,,,,,,
204,5151503863,5151,2024-06-26 09:48:48,logged in,,,,,,
205,1251500211,1251,2024-06-26 09:48:49,logged in,,,,,,
206,6551505822,6551,2024-06-26 09:48:50,logged in,,,,,,
207,1251500209,1251,2024-06-26 09:48:51,logged in,,,,,,
208,5151503854,5151,2024-06-26 09:48:53,logged in,,,,,,
209,1251500229,1251,2024-06-26 09:49:00,logged in,,,,,,
210,2251501236,2251,2024-06-26 09:49:08,logged in,,,,,,
211,6151505243,6151,2024-06-26 09:49:11,logged in,,,,,,
212,6551505824,6551,2024-06-26 09:49:12,logged in,,,,,,
213,6551505826,6551,2024-06-26 09:49:13,logged in,,,,,,
215,6551505812,6551,2024-06-26 09:49:15,logged in,,,,,,
216,3351502236,3351,2024-06-26 09:49:54,logged in,,,,,,
217,6551505805,6551,2024-06-26 09:49:24,logged in,,,,,,
220,4151502543,4151,2024-06-26 09:49:33,logged in,,,,,,
221,3351502237,3351,2024-06-26 09:49:42,logged in,,,,,,
222,3351502251,3351,2024-06-26 09:49:45,logged in,,,,,,
223,6151505260,6151,2024-06-26 09:49:45,logged in,,,,,,
224,3351502280,3351,2024-06-26 09:49:46,logged in,,,,,,
228,3351502239,3351,2024-06-26 09:49:46,logged in,,,,,,
229,3351502241,3351,2024-06-26 09:49:47,logged in,,,,,,
230,3351502252,3351,2024-06-26 09:49:47,logged in,,,,,,
231,3351502240,3351,2024-06-26 09:49:47,logged in,,,,,,
232,3351502253,3351,2024-06-26 09:49:47,logged in,,,,,,
233,3351502242,3351,2024-06-26 10:09:35,logged in,,,,,,
234,3351502249,3351,2024-06-26 09:49:47,logged in,,,,,,
237,3351502243,3351,2024-06-26 09:49:54,logged in,,,,,,
239,3351502250,3351,2024-06-26 09:49:54,logged in,,,,,,
241,3351502257,3351,2024-06-26 09:50:04,logged in,,,,,,
242,3351502246,3351,2024-06-26 09:50:05,logged in,,,,,,
243,3351502245,3351,2024-06-26 09:50:07,logged in,,,,,,
244,3351502244,3351,2024-06-26 09:50:09,logged in,,,,,,
245,6551505814,6551,2024-06-26 09:50:10,logged in,,,,,,
247,2251501218,2251,2024-06-26 09:50:21,logged in,,,,,,
248,2251501234,2251,2024-06-26 09:50:22,logged in,,,,,,
249,6151505261,6151,2024-06-26 09:50:28,logged in,,,,,,
250,2251501242,2251,2024-06-26 09:50:31,logged in,,,,,,
252,1551500541,1551,2024-06-26 10:12:43,logged in,,,,,,
253,1551500533,1551,2024-06-26 09:50:38,logged in,,,,,,
254,2251501219,2251,2024-06-26 10:08:15,logged in,,,,,,
255,1551500529,1551,2024-06-26 09:50:39,logged in,,,,,,
256,1551500537,1551,2024-06-26 09:50:42,logged in,,,,,,
257,2251501217,2251,2024-06-26 09:50:43,logged in,,,,,,
258,1551500532,1551,2024-06-26 09:50:43,logged in,,,,,,
259,2251501227,2251,2024-06-26 09:50:44,logged in,,,,,,
262,3351502259,3351,2024-06-26 09:50:45,logged in,,,,,,
264,2251501212,2251,2024-06-26 09:50:52,logged in,,,,,,
265,2251501220,2251,2024-06-26 09:50:52,logged in,,,,,,
267,5251504485,5251,2024-06-26 09:51:02,logged in,,,,,,
268,6551505815,6551,2024-06-26 09:51:11,logged in,,,,,,
270,6151505246,6151,2024-06-26 09:51:18,logged in,,,,,,
271,3351502248,3351,2024-06-26 09:51:20,logged in,,,,,,
272,5451504916,5451,2024-06-26 09:51:21,logged in,,,,,,
273,1551500513,1551,2024-06-26 09:51:33,logged in,,,,,,
274,2251501221,2251,2024-06-26 09:51:35,logged in,,,,,,
275,2251501231,2251,2024-06-26 09:51:41,logged in,,,,,,
277,5551505090,5551,2024-06-26 09:51:50,logged in,,,,,,
278,6251505469,6251,2024-06-26 09:52:01,logged in,,,,,,
279,6551505806,6551,2024-06-26 09:52:05,logged in,,,,,,
280,6251505454,6251,2024-06-26 09:52:08,logged in,,,,,,
281,1551500511,1551,2024-06-26 09:52:09,logged in,,,,,,
282,5551505080,5551,2024-06-26 09:52:12,logged in,,,,,,
283,5551505084,5551,2024-06-26 09:52:14,logged in,,,,,,
284,5551505085,5551,2024-06-26 09:52:15,logged in,,,,,,
285,5551505079,5551,2024-06-26 09:52:17,logged in,,,,,,
286,3152502060,3152,2024-06-26 09:52:17,logged in,,,,,,
287,5551505087,5551,2024-06-26 09:52:18,logged in,,,,,,
288,5551505081,5551,2024-06-26 09:52:18,logged in,,,,,,
289,5551505089,5551,2024-06-26 11:16:14,logged in,,,,,,
290,2351501623,2351,2024-06-26 09:52:20,logged in,,,,,,
291,5251504488,5251,2024-06-26 09:52:21,logged in,,,,,,
292,5551505086,5551,2024-06-26 09:52:22,logged in,,,,,,
293,5551505083,5551,2024-06-26 11:25:21,logged in,,,,,,
294,3152502068,3152,2024-06-26 09:52:24,logged in,,,,,,
295,5551505088,5551,2024-06-26 09:52:25,logged in,,,,,,
296,2351501603,2351,2024-06-26 09:52:34,logged in,,,,,,
297,1551500531,1551,2024-06-26 10:14:50,logged in,,,,,,
298,5351504577,5351,2024-06-26 09:52:47,logged in,,,,,,
299,2251501214,2251,2024-06-26 09:52:48,logged in,,,,,,
300,2251501229,2251,2024-06-26 09:52:53,logged in,,,,,,
301,2251501230,2251,2024-06-26 09:52:53,logged in,,,,,,
302,1151500034,1151,2024-06-26 09:52:54,logged in,,,,,,
303,2251501224,2251,2024-06-26 09:53:00,logged in,,,,,,
304,2251501223,2251,2024-06-26 09:53:08,logged in,,,,,,
305,5251504486,5251,2024-06-26 09:53:11,logged in,,,,,,
306,5251504478,5251,2024-06-26 09:53:11,logged in,,,,,,
307,2251501244,2251,2024-06-26 09:53:12,logged in,,,,,,
308,5251504487,5251,2024-06-26 09:53:14,logged in,,,,,,
309,5251504483,5251,2024-06-26 09:53:22,logged in,,,,,,
310,2151500952,2151,2024-06-26 09:53:26,logged in,,,,,,
311,5251504484,5251,2024-06-26 09:53:29,logged in,,,,,,
312,2251501232,2251,2024-06-26 09:53:54,logged in,,,,,,
313,6551505816,6551,2024-06-26 09:53:56,logged in,,,,,,
314,4151502483,4151,2024-06-26 09:53:59,logged in,,,,,,
316,2251501238,2251,2024-06-26 09:54:05,logged in,,,,,,
317,2251501237,2251,2024-06-26 09:54:06,logged in,,,,,,
318,4151502484,4151,2024-06-26 09:54:15,logged in,,,,,,
319,5251504470,5251,2024-06-26 09:54:16,logged in,,,,,,
322,1552500702,1552,2024-06-26 09:54:23,logged in,,,,,,
323,5251504475,5251,2024-06-26 10:07:57,logged in,,,,,,
325,5251504474,5251,2024-06-26 09:54:27,logged in,,,,,,
326,5251504476,5251,2024-06-26 10:09:03,logged in,,,,,,
329,6351505628,6351,2024-06-26 09:54:37,logged in,,,,,,
330,5251504473,5251,2024-06-26 09:54:42,logged in,,,,,,
331,6351505615,6351,2024-06-26 09:54:47,logged in,,,,,,
332,5251504471,5251,2024-06-26 09:55:03,logged in,,,,,,
333,5251504472,5251,2024-06-26 09:55:27,logged in,,,,,,
334,5151503861,5151,2024-06-26 09:55:27,logged in,,,,,,
337,4151502561,4151,2024-06-26 09:55:52,logged in,,,,,,
338,7151506000,7151,2024-06-26 09:56:11,logged in,,,,,,
341,4151502499,4151,2024-06-26 09:57:10,logged in,,,,,,
342,4151001,4151,2024-06-26 09:57:57,logged in,,,,,,
345,6251505453,6251,2024-06-26 09:58:08,logged in,,,,,,
347,6251505452,6251,2024-06-26 10:00:53,logged in,,,,,,
348,8151506760,8151,2024-06-26 09:59:18,logged in,,,,,,
349,8151506765,8151,2024-06-26 09:59:34,logged in,,,,,,
352,2151500925,2151,2024-06-26 10:00:52,logged in,,,,,,
354,2151500941,2151,2024-06-26 10:00:57,logged in,,,,,,
355,6451505737,6451,2024-06-26 10:01:20,logged in,,,,,,
356,4151502534,4151,2024-06-26 10:02:15,logged in,,,,,,
359,4151502533,4151,2024-06-26 10:03:10,logged in,,,,,,
360,4551001,4551,2024-06-26 10:04:02,logged in,,,,,,
361,5151503847,5151,2024-06-26 10:05:15,logged in,,,,,,
365,5152504105,5152,2024-06-26 10:07:13,logged in,,,,,,
367,4151502493,4151,2024-06-26 10:07:45,logged in,,,,,,
371,7251506410,7251,2024-06-26 10:09:20,logged in,,,,,,
374,6351505633,6351,2024-06-26 10:11:05,logged in,,,,,,
375,2151500917,2151,2024-06-26 10:11:12,logged in,,,,,,
378,6251505471,6251,2024-06-26 10:13:54,logged in,,,,,,
379,2151500885,2151,2024-06-26 10:14:07,logged in,,,,,,
380,4151502523,4151,2024-06-26 10:14:21,logged in,,,,,,
381,1551500526,1551,2024-06-26 10:14:42,logged in,,,,,,
383,1551500539,1551,2024-06-26 10:15:48,logged in,,,,,,
385,1251510250,1251,2024-06-26 11:11:34,logged in,,,,,,
386,1251510249,1251,2024-06-26 11:11:43,logged in,,,,,,
387,1251510248,1251,2024-06-26 11:11:47,logged in,,,,,,
388,6151515293,6151,2024-06-26 11:11:48,logged in,,,,,,
389,1251510246,1251,2024-06-26 11:11:53,logged in,,,,,,
390,1251510245,1251,2024-06-26 11:11:53,logged in,,,,,,
391,1251510251,1251,2024-06-26 11:11:57,logged in,,,,,,
392,1251500232,1251,2024-06-26 11:12:00,logged in,,,,,,
393,1251510247,1251,2024-06-26 11:12:01,logged in,,,,,,
394,1251500233,1251,2024-06-26 11:12:06,logged in,,,,,,
395,6151505291,6151,2024-06-26 11:12:15,logged in,,,,,,
396,1251510242,1251,2024-06-26 11:12:16,logged in,,,,,,
397,1251510255,1251,2024-06-26 11:12:17,logged in,,,,,,
398,1551500543,1551,2024-06-26 11:31:10,logged in,,,,,,
399,1251510241,1251,2024-06-26 11:12:33,logged in,,,,,,
400,6151515299,6151,2024-06-26 11:28:46,logged in,,,,,,
401,1251510240,1251,2024-06-26 11:12:53,logged in,,,,,,
402,1251510243,1251,2024-06-26 11:12:59,logged in,,,,,,
403,6151515295,6151,2024-06-26 11:30:31,logged in,,,,,,
404,1251510237,1251,2024-06-26 11:13:10,logged in,,,,,,
405,1251500231,1251,2024-06-26 11:13:11,logged in,,,,,,
406,1251500235,1251,2024-06-26 11:13:17,logged in,,,,,,
407,7251506435,7251,2024-06-26 11:13:21,logged in,,,,,,
408,1251510260,1251,2024-06-26 11:13:34,logged in,,,,,,
409,1251510262,1251,2024-06-26 11:13:36,logged in,,,,,,
410,1251510264,1251,2024-06-26 11:13:36,logged in,,,,,,
411,1251510261,1251,2024-06-26 11:13:36,logged in,,,,,,
412,1251510256,1251,2024-06-26 11:13:48,logged in,,,,,,
413,1251510253,1251,2024-06-26 11:13:49,logged in,,,,,,
414,7251506436,7251,2024-06-26 11:27:48,logged in,,,,,,
415,6151515292,6151,2024-06-26 11:14:02,logged in,,,,,,
416,1251510252,1251,2024-06-26 11:14:07,logged in,,,,,,
417,1251510238,1251,2024-06-26 11:14:11,logged in,,,,,,
418,1251500234,1251,2024-06-26 11:14:41,logged in,,,,,,
420,5351504601,5351,2024-06-26 11:17:34,logged in,,,,,,
426,7351516523,7351,2024-06-26 11:19:13,logged in,,,,,,
